ModelNumber,SerialNumber,OrderNumber,ContainerNumber,Dateofreceipt
SUNON-IV,5148,1,1,7/5/2024
SUNON-IV,5149,1,1,7/5/2024
SUNON-IV,5150,1,1,7/5/2024
SUNON-IV,5151,1,1,7/5/2024
SUNON-IV,5152,1,1,7/5/2024
SUNON-IV,5153,1,1,7/5/2024
SUNON-IV,5154,1,1,7/5/2024
SUNON-IV,5155,1,1,7/5/2024
SUNON-IV,5156,1,1,7/5/2024
SUNON-IV,5157,1,1,7/5/2024
SUNON-IV,5158,1,1,7/5/2024
SUNON-IV,5159,1,1,7/5/2024
SUNON-IV,5160,1,1,7/5/2024
SUNON-IV,5161,1,1,7/5/2024
SUNON-IV,5162,1,1,7/5/2024
SUNON-IV,5163,1,1,7/5/2024
SUNON-IV,5164,1,1,7/5/2024
SUNON-IV,5165,1,1,7/5/2024
SUNON-IV,5166,1,1,7/5/2024
SUNON-IV,5167,1,1,7/5/2024
SUNON-IV,5168,1,1,7/5/2024
SUNON-IV,5169,1,1,7/5/2024
SUNON-IV,5170,1,1,7/5/2024
SUNON-IV,5171,1,1,7/5/2024
SUNON-IV,5172,1,1,7/5/2024
SUNON-IV,5173,1,1,7/5/2024
SUNON-IV,5174,1,1,7/5/2024
SUNON-IV,5175,1,1,7/5/2024
SUNON-IV,5176,1,1,7/5/2024
SUNON-IV,5177,1,1,7/5/2024
SUNON-IV,5178,1,1,7/5/2024
SUNON-IV,5179,1,1,7/5/2024
SUNON-IV,5180,1,1,7/5/2024
SUNON-IV,5181,1,1,7/5/2024
SUNON-IV,5182,1,1,7/5/2024
SUNON-IV,5183,1,1,7/5/2024
SUNON-IV,5184,1,1,7/5/2024
SUNON-IV,5185,1,1,7/5/2024
SUNON-IV,5186,1,1,7/5/2024
SUNON-IV,5187,1,1,7/5/2024
SUNON-IV,5188,1,1,7/5/2024
SUNON-IV,5189,1,1,7/5/2024
SUNON-IV,5190,1,1,7/5/2024
SUNON-IV,5191,1,1,7/5/2024
SUNON-IV,5192,1,1,7/5/2024
SUNON-IV,5193,1,1,7/5/2024
SUNON-IV,5194,1,1,7/5/2024
SUNON-IV,5195,1,1,7/5/2024
SUNON-IV,5196,1,1,7/5/2024